displayName,maxAdults,maxKids,capConfirmed
Candyce Macatangay,2,1,true
Evelyn Camilo,2,3,true
Tito Ling,2,0,true
Tito Bernard,6,0,true
Viness Magno,2,0,true
Love Magno,2,0,true
Danilo Pelo,3,0,true
Lino Calamiong,2,0,true
Clarisse Calamiong,2,0,true
Uncle Richard,4,1,true
Ate Em,2,0,true
Uncle Jimmy,2,0,true
Kuya Julius,3,0,true
Kuya Jo,4,0,true
Kuya Godo,2,2,true
Uncle Joseph,4,0,true
Ate Kris,6,0,true
Tito Char,2,2,true
Tito Rodel,1,0,false
Tito Feng,4,2,true
Tita Verlyn,4,0,true
Tita Dess,4,0,true
Tito Eric,2,0,true
Tito Darwin,2,0,true
Kuya Elbert,4,0,true
Tita Val,5,0,true
Tita Gin,3,0,true
Tita Celine,1,0,false
Nanang Bing,1,0,false
Ate Mylene,1,0,false
Maliah,1,0,false
Tito Mike,2,0,true
Kent,2,0,true
Mai,2,0,true
Mic,2,0,true
Papa Dex,2,0,true
Marielle,2,0,true
Camille,2,1,true
Bonnie,2,1,true
Karl Bugtai,2,1,true
Rex Jerus,2,1,true
Rommel Flores,2,1,true
Alfonso,2,0,true
Wyben,2,0,true
Carl Calzada,2,0,true
Dan Lester,2,0,true
Dibon,2,0,true
Ralph,2,0,true
Jon,2,0,true
Vince,2,0,true
Karl Abregana,2,0,true
Carlo,1,0,false
Ryan,1,0,false
Deli,2,0,true
Chris,2,0,true
Sean,2,0,true
Allan,2,0,true
Abby,1,0,false
Eloisa,1,0,false
Kail,1,0,false
Gershee,2,0,true
Klein,1,0,false
Melody,6,0,true
